episodio,fecha,hora,min_desde_cruce,avg_c,min_c,max_c,dist_sobre_umbral_c,pendiente_2p_c_min,pendiente_linreg3_c_min,tendencia,es_pico,alarma_estrategias
E01,2026-08-19,14:12,0.0,-13.818,-14.875,-12.812,1.182,0.434,0.385,ASC,False,
E01,2026-08-19,14:17,5.0,-11.79,-12.75,-10.375,3.21,0.406,0.42,ASC,False,
E01,2026-08-19,14:22,10.0,-9.783,-10.312,-9.562,5.217,0.401,0.403,ASC,True,C_bandas_15_10_5|C_bandas_15_8_0|D_dinamica_k3_T15|D_dinamica_k2_T20|D_dinamica_k3_T15_sinRec
E01,2026-08-19,14:27,15.0,-11.365,-12.75,-10.125,3.635,-0.316,0.043,EST,False,A_solo_tiempo
E01,2026-08-19,14:32,20.0,-14.21,-15.438,-12.812,0.79,-0.569,-0.443,DESC,False,
E02,2026-08-19,21:42,0.0,-14.893,-15.75,-14.062,0.107,1.013,0.769,ASC,True,
E03,2026-08-20,13:32,0.0,-14.239,-14.812,-13.625,0.761,0.211,0.179,ASC,False,
E03,2026-08-20,13:37,5.0,-13.01,-13.625,-12.438,1.99,0.246,0.228,ASC,False,
E03,2026-08-20,13:42,10.0,-11.66,-12.438,-10.875,3.34,0.27,0.258,ASC,False,C_bandas_15_10_5|C_bandas_15_8_0|D_dinamica_k3_T15|D_dinamica_k3_T15_sinRec
E03,2026-08-20,13:47,15.0,-10.904,-11.312,-10.75,4.096,0.151,0.211,ASC,True,A_solo_tiempo|B_tiempo_tendencia|D_dinamica_k2_T20
E03,2026-08-20,13:52,20.0,-12.105,-12.938,-11.312,2.895,-0.24,-0.044,EST,False,
E03,2026-08-20,13:57,25.0,-13.842,-14.625,-13.0,1.158,-0.347,-0.294,DESC,False,
E04,2026-08-21,15:22,0.0,-13.946,-14.75,-13.125,1.054,0.293,0.245,ASC,False,
E04,2026-08-21,15:27,5.0,-12.236,-13.062,-11.5,2.764,0.342,0.317,ASC,False,
E04,2026-08-21,15:32,10.0,-10.768,-11.438,-10.062,4.232,0.294,0.318,ASC,False,C_bandas_15_10_5|C_bandas_15_8_0|D_dinamica_k3_T15|D_dinamica_k3_T15_sinRec
E04,2026-08-21,15:37,15.0,-10.088,-10.5,-9.938,4.912,0.136,0.215,ASC,True,A_solo_tiempo|B_tiempo_tendencia|D_dinamica_k2_T20
E04,2026-08-21,15:42,20.0,-11.329,-12.188,-10.562,3.671,-0.248,-0.056,DESC,False,
E04,2026-08-21,15:47,25.0,-13.119,-13.938,-12.25,1.881,-0.358,-0.303,DESC,False,
E04,2026-08-21,15:52,30.0,-14.726,-15.375,-14.0,0.274,-0.322,-0.34,DESC,False,
E05,2026-08-22,07:37,0.0,-14.998,-15.062,-14.938,0.002,0.02,0.02,ASC,False,
E05,2026-08-22,07:42,5.0,-14.903,-14.938,-14.875,0.097,0.019,0.019,EST,False,
E05,2026-08-22,07:47,10.0,-14.807,-14.875,-14.75,0.193,0.019,0.019,EST,False,
E05,2026-08-22,07:52,15.0,-14.714,-14.75,-14.688,0.286,0.019,0.019,EST,False,A_solo_tiempo|D_dinamica_k3_T15|D_dinamica_k3_T15_sinRec
E05,2026-08-22,07:57,20.0,-14.629,-14.688,-14.562,0.371,0.017,0.018,EST,False,D_dinamica_k2_T20
E05,2026-08-22,08:02,25.0,-14.537,-14.562,-14.5,0.463,0.018,0.018,EST,False,
E05,2026-08-22,08:07,30.0,-14.455,-14.5,-14.438,0.545,0.016,0.017,EST,False,B_tiempo_tendencia|C_bandas_15_10_5|C_bandas_15_8_0
E05,2026-08-22,08:12,35.0,-14.407,-14.625,-14.312,0.593,0.01,0.013,EST,True,
E06,2026-08-22,09:42,0.0,-14.901,-15.0,-14.812,0.099,0.026,0.025,ASC,False,
E06,2026-08-22,09:47,5.0,-14.754,-14.812,-14.688,0.246,0.029,0.028,EST,False,
E06,2026-08-22,09:52,10.0,-14.618,-14.688,-14.562,0.382,0.027,0.028,EST,False,
E06,2026-08-22,09:57,15.0,-14.487,-14.562,-14.438,0.513,0.026,0.027,EST,False,A_solo_tiempo|D_dinamica_k3_T15|D_dinamica_k3_T15_sinRec
E06,2026-08-22,10:02,20.0,-14.371,-14.438,-14.312,0.629,0.023,0.025,EST,False,D_dinamica_k2_T20
E06,2026-08-22,10:07,25.0,-14.255,-14.312,-14.188,0.745,0.023,0.023,EST,False,
E06,2026-08-22,10:12,30.0,-14.15,-14.188,-14.062,0.85,0.021,0.022,EST,False,B_tiempo_tendencia|C_bandas_15_10_5|C_bandas_15_8_0
E06,2026-08-22,10:18,35.0,-14.041,-14.125,-14.0,0.959,0.022,0.021,EST,False,
E06,2026-08-22,10:23,40.0,-13.951,-14.0,-13.875,1.049,0.018,0.02,EST,False,
E06,2026-08-22,10:28,45.0,-13.849,-13.875,-13.812,1.151,0.02,0.019,EST,False,
E06,2026-08-22,10:33,50.0,-13.758,-13.812,-13.688,1.242,0.018,0.019,EST,False,
E06,2026-08-22,10:38,55.0,-13.666,-13.688,-13.625,1.334,0.019,0.018,EST,False,
E06,2026-08-22,10:43,60.0,-13.581,-13.625,-13.5,1.419,0.017,0.018,EST,False,
E06,2026-08-22,10:48,65.0,-13.489,-13.562,-13.438,1.511,0.019,0.018,EST,False,
E06,2026-08-22,10:53,70.0,-13.404,-13.438,-13.375,1.596,0.017,0.018,EST,False,
E06,2026-08-22,10:58,75.0,-13.324,-13.375,-13.25,1.676,0.016,0.016,EST,True,
E06,2026-08-22,11:03,80.0,-13.376,-13.75,-13.25,1.624,-0.01,0.003,EST,False,
E06,2026-08-22,11:08,85.0,-14.358,-15.0,-13.75,0.642,-0.196,-0.103,DESC,False,
E07,2026-08-22,12:08,0.0,-14.965,-15.062,-14.875,0.035,0.035,0.037,ASC,False,
E07,2026-08-22,12:13,5.0,-14.809,-14.875,-14.75,0.191,0.031,0.033,EST,False,
E07,2026-08-22,12:18,10.0,-14.659,-14.75,-14.562,0.341,0.03,0.031,EST,False,
E07,2026-08-22,12:23,15.0,-14.524,-14.625,-14.438,0.476,0.027,0.029,EST,False,A_solo_tiempo|D_dinamica_k3_T15|D_dinamica_k3_T15_sinRec
E07,2026-08-22,12:28,20.0,-14.401,-14.5,-14.312,0.599,0.025,0.026,EST,False,D_dinamica_k2_T20
E07,2026-08-22,12:33,25.0,-14.279,-14.312,-14.25,0.721,0.024,0.024,EST,False,
E07,2026-08-22,12:38,30.0,-14.164,-14.25,-14.125,0.836,0.023,0.024,EST,False,B_tiempo_tendencia|C_bandas_15_10_5|C_bandas_15_8_0
E07,2026-08-22,12:43,35.0,-14.057,-14.125,-14.0,0.943,0.021,0.022,EST,False,
E07,2026-08-22,12:48,40.0,-13.957,-14.0,-13.875,1.043,0.02,0.021,EST,False,
E07,2026-08-22,12:53,45.0,-13.85,-13.875,-13.812,1.15,0.021,0.021,EST,False,
E07,2026-08-22,12:58,50.0,-13.798,-13.938,-13.75,1.202,0.01,0.016,EST,True,
E07,2026-08-22,13:03,55.0,-14.425,-15.0,-13.938,0.575,-0.125,-0.058,DESC,False,
E08,2026-08-22,13:48,0.0,-13.175,-15.062,-12.25,1.825,0.392,0.215,ASC,False,
E08,2026-08-22,13:53,5.0,-13.016,-13.312,-12.625,1.984,0.032,0.212,ASC,True,
E08,2026-08-22,13:58,10.0,-13.468,-13.75,-13.312,1.532,-0.09,-0.029,EST,False,D_dinamica_k3_T15|D_dinamica_k3_T15_sinRec
E09,2026-08-22,18:43,0.0,-14.074,-15.25,-12.875,0.926,0.44,0.368,ASC,False,
E09,2026-08-22,18:48,5.0,-11.866,-12.875,-11.125,3.134,0.442,0.441,ASC,False,
E09,2026-08-22,18:53,10.0,-9.095,-10.188,-8.5,5.905,0.554,0.498,ASC,True,C_bandas_15_10_5|C_bandas_15_8_0|D_dinamica_k3_T15|D_dinamica_k2_T20|D_dinamica_k3_T15_sinRec
E09,2026-08-22,18:58,15.0,-12.497,-14.5,-10.312,2.503,-0.68,-0.063,DESC,False,A_solo_tiempo
E10,2026-08-23,06:43,0.0,-14.966,-15.0,-14.938,0.034,0.022,0.021,ASC,False,
E10,2026-08-23,06:48,5.0,-14.88,-15.188,-14.75,0.12,0.017,0.02,EST,True,
E11,2026-08-23,08:33,0.0,-14.953,-15.0,-14.875,0.047,0.02,0.02,ASC,False,
E11,2026-08-23,08:38,5.0,-14.85,-14.938,-14.812,0.15,0.021,0.02,EST,False,
E11,2026-08-23,08:43,10.0,-14.749,-14.812,-14.688,0.251,0.02,0.02,EST,False,
E11,2026-08-23,08:48,15.0,-14.653,-14.688,-14.625,0.347,0.019,0.02,EST,False,A_solo_tiempo|D_dinamica_k3_T15|D_dinamica_k3_T15_sinRec
E11,2026-08-23,08:53,20.0,-14.542,-14.625,-14.438,0.458,0.022,0.021,EST,True,D_dinamica_k2_T20
E12,2026-08-23,10:13,0.0,-14.97,-15.0,-14.938,0.03,0.029,0.036,ASC,False,
E12,2026-08-23,10:18,5.0,-14.876,-14.938,-14.75,0.124,0.019,0.024,EST,True,
E13,2026-08-23,20:57,0.0,-13.215,-14.625,-11.875,1.785,0.565,0.521,ASC,False,
E13,2026-08-23,21:02,5.0,-10.558,-11.812,-8.438,4.442,0.531,0.548,ASC,False,D_dinamica_k3_T15|D_dinamica_k3_T15_sinRec
E13,2026-08-23,21:07,10.0,-9.859,-10.875,-8.375,5.141,0.14,0.336,ASC,True,C_bandas_15_10_5|C_bandas_15_8_0|D_dinamica_k2_T20
E13,2026-08-23,21:12,15.0,-11.287,-11.562,-10.875,3.713,-0.286,-0.073,DESC,False,A_solo_tiempo
E13,2026-08-23,21:17,20.0,-11.643,-11.688,-11.562,3.357,-0.071,-0.178,DESC,False,
E13,2026-08-23,21:22,25.0,-11.721,-11.75,-11.688,3.279,-0.016,-0.043,EST,False,
E13,2026-08-23,21:27,30.0,-11.75,-11.75,-11.75,3.25,-0.006,-0.011,EST,False,B_tiempo_tendencia
E13,2026-08-23,21:32,35.0,-11.75,-11.75,-11.75,3.25,0.0,-0.003,EST,False,
E13,2026-08-23,21:37,40.0,-11.725,-11.75,-11.688,3.275,0.005,0.002,EST,False,
E13,2026-08-23,21:42,45.0,-11.688,-11.688,-11.688,3.312,0.008,0.006,EST,False,
E13,2026-08-23,21:47,50.0,-11.688,-11.688,-11.688,3.312,0.0,0.004,EST,False,
E13,2026-08-23,21:52,55.0,-11.655,-11.688,-11.625,3.345,0.006,0.003,EST,False,
E13,2026-08-23,21:57,60.0,-11.578,-11.688,-11.062,3.422,0.015,0.011,EST,False,
E13,2026-08-23,22:02,65.0,-12.71,-14.562,-11.062,2.29,-0.226,-0.106,DESC,False,
E14,2026-08-24,01:02,0.0,-14.893,-14.938,-14.812,0.107,0.026,0.027,ASC,False,
E14,2026-08-24,01:07,5.0,-14.758,-14.812,-14.688,0.242,0.027,0.026,EST,True,
E14,2026-08-24,01:12,10.0,-14.814,-15.812,-14.438,0.186,-0.011,0.008,EST,False,
E15,2026-08-24,02:52,0.0,-14.891,-14.938,-14.812,0.109,0.026,0.026,ASC,False,
E15,2026-08-24,02:57,5.0,-14.761,-14.812,-14.688,0.239,0.026,0.026,EST,False,
E15,2026-08-24,03:02,10.0,-14.643,-14.688,-14.562,0.357,0.024,0.025,EST,True,
E16,2026-08-24,04:42,0.0,-14.881,-14.938,-14.812,0.119,0.024,0.025,ASC,False,
E16,2026-08-24,04:47,5.0,-14.756,-14.812,-14.688,0.244,0.025,0.025,EST,False,
E16,2026-08-24,04:52,10.0,-14.642,-14.688,-14.562,0.358,0.023,0.024,EST,False,
E16,2026-08-24,04:57,15.0,-14.51,-14.625,-14.375,0.49,0.026,0.025,EST,True,A_solo_tiempo|D_dinamica_k3_T15|D_dinamica_k3_T15_sinRec
E17,2026-08-24,06:32,0.0,-14.914,-15.0,-14.875,0.086,0.023,0.024,ASC,False,
E17,2026-08-24,06:37,5.0,-14.801,-14.875,-14.75,0.199,0.022,0.023,EST,False,
E17,2026-08-24,06:42,10.0,-14.684,-14.75,-14.625,0.316,0.023,0.023,EST,False,
E17,2026-08-24,06:47,15.0,-14.572,-14.625,-14.5,0.428,0.022,0.023,EST,False,A_solo_tiempo|D_dinamica_k3_T15|D_dinamica_k3_T15_sinRec
E17,2026-08-24,06:52,20.0,-14.463,-14.5,-14.375,0.537,0.022,0.022,EST,True,D_dinamica_k2_T20
E18,2026-08-24,08:27,0.0,-14.946,-15.0,-14.875,0.054,0.022,0.022,ASC,False,
E18,2026-08-24,08:32,5.0,-14.842,-14.875,-14.812,0.158,0.021,0.021,EST,False,
E18,2026-08-24,08:37,10.0,-14.722,-14.75,-14.688,0.278,0.024,0.022,EST,False,
E18,2026-08-24,08:42,15.0,-14.622,-14.688,-14.562,0.378,0.02,0.022,EST,False,A_solo_tiempo|D_dinamica_k3_T15|D_dinamica_k3_T15_sinRec
E18,2026-08-24,08:47,20.0,-14.516,-14.562,-14.438,0.484,0.021,0.021,EST,False,D_dinamica_k2_T20
E18,2026-08-24,08:52,25.0,-14.403,-14.438,-14.375,0.597,0.023,0.022,EST,False,
E18,2026-08-24,08:57,30.0,-14.302,-14.375,-14.25,0.698,0.02,0.021,EST,True,B_tiempo_tendencia|C_bandas_15_10_5|C_bandas_15_8_0
E18,2026-08-24,09:02,35.0,-14.303,-15.0,-14.062,0.697,-0.0,0.01,EST,False,
E19,2026-08-24,10:27,0.0,-14.901,-14.938,-14.812,0.099,0.024,0.024,ASC,False,
E19,2026-08-24,10:32,5.0,-14.789,-14.875,-14.75,0.211,0.023,0.023,EST,False,
E19,2026-08-24,10:37,10.0,-14.674,-14.75,-14.625,0.326,0.023,0.023,EST,False,
E19,2026-08-24,10:42,15.0,-14.569,-14.625,-14.5,0.431,0.021,0.022,EST,False,A_solo_tiempo|D_dinamica_k3_T15|D_dinamica_k3_T15_sinRec
E19,2026-08-24,10:47,20.0,-14.458,-14.5,-14.375,0.542,0.022,0.022,EST,False,D_dinamica_k2_T20
E19,2026-08-24,10:52,25.0,-14.352,-14.438,-14.312,0.648,0.021,0.022,EST,False,
E19,2026-08-24,10:57,30.0,-14.249,-14.312,-14.188,0.751,0.021,0.021,EST,True,B_tiempo_tendencia|C_bandas_15_10_5|C_bandas_15_8_0
E19,2026-08-24,11:02,35.0,-14.412,-15.438,-14.062,0.588,-0.033,-0.006,EST,False,
E20,2026-08-24,12:18,0.0,-14.893,-14.938,-14.812,0.107,0.025,0.025,ASC,False,
E20,2026-08-24,12:23,5.0,-14.755,-14.812,-14.688,0.245,0.027,0.026,EST,False,
E20,2026-08-24,12:28,10.0,-14.641,-14.688,-14.562,0.359,0.023,0.025,EST,False,
E20,2026-08-24,12:33,15.0,-13.969,-14.562,-13.875,1.031,0.134,0.079,ASC,True,A_solo_tiempo|B_tiempo_tendencia|C_bandas_15_10_5|C_bandas_15_8_0|D_dinamica_k3_T15|D_dinamica_k3_T15_sinRec
E20,2026-08-24,12:38,20.0,-14.007,-14.062,-13.938,0.993,-0.008,0.063,ASC,False,D_dinamica_k2_T20
E20,2026-08-24,12:43,25.0,-14.802,-16.125,-14.0,0.198,-0.159,-0.083,DESC,False,
E21,2026-08-24,13:18,0.0,-7.688,-10.188,-3.812,7.312,1.568,1.035,ASC,True,C_bandas_15_8_0|D_dinamica_k3_T15|D_dinamica_k3_T15_sinRec
E21,2026-08-24,13:23,5.0,-11.359,-12.125,-10.25,3.641,-0.734,0.417,ASC,False,C_bandas_15_10_5
E21,2026-08-24,13:28,10.0,-12.442,-12.688,-12.188,2.558,-0.216,-0.475,DESC,False,
E21,2026-08-24,13:33,15.0,-12.759,-12.812,-12.688,2.241,-0.064,-0.14,DESC,False,A_solo_tiempo
E21,2026-08-24,13:38,20.0,-12.812,-12.812,-12.812,2.188,-0.011,-0.037,EST,False,D_dinamica_k2_T20
E21,2026-08-24,13:43,25.0,-12.722,-12.812,-12.625,2.278,0.018,0.004,EST,False,
E21,2026-08-24,13:48,30.0,-12.564,-12.625,-12.5,2.436,0.032,0.025,EST,False,B_tiempo_tendencia
E21,2026-08-24,13:53,35.0,-12.815,-13.625,-12.375,2.185,-0.05,-0.009,EST,False,
E21,2026-08-24,13:58,40.0,-14.918,-16.125,-13.688,0.082,-0.421,-0.235,DESC,False,
E22,2026-08-24,14:58,0.0,-14.72,-14.875,-14.562,0.28,0.069,0.072,ASC,False,
E22,2026-08-24,15:03,5.0,-14.399,-14.562,-14.25,0.601,0.064,0.066,ASC,False,
E22,2026-08-24,15:08,10.0,-14.099,-14.25,-13.938,0.901,0.06,0.062,ASC,False,
E22,2026-08-24,15:13,15.0,-13.805,-13.938,-13.688,1.195,0.059,0.059,ASC,False,A_solo_tiempo|B_tiempo_tendencia|C_bandas_15_10_5|C_bandas_15_8_0|D_dinamica_k3_T15|D_dinamica_k3_T15_sinRec
E22,2026-08-24,15:18,20.0,-13.593,-13.688,-13.5,1.407,0.042,0.051,ASC,True,D_dinamica_k2_T20
E22,2026-08-24,15:23,25.0,-14.34,-15.25,-13.688,0.66,-0.149,-0.053,DESC,False,
E23,2026-08-24,16:33,0.0,-14.744,-14.875,-14.562,0.256,0.066,0.068,ASC,False,
E23,2026-08-24,16:38,5.0,-14.435,-14.562,-14.312,0.565,0.062,0.064,ASC,False,
E23,2026-08-24,16:43,10.0,-14.152,-14.312,-14.0,0.848,0.057,0.059,ASC,False,
E23,2026-08-24,16:48,15.0,-13.949,-14.125,-13.875,1.051,0.041,0.049,EST,True,A_solo_tiempo|D_dinamica_k3_T15|D_dinamica_k3_T15_sinRec
E23,2026-08-24,16:53,20.0,-14.869,-15.812,-14.125,0.131,-0.184,-0.072,DESC,False,
E24,2026-08-24,18:03,0.0,-14.798,-14.938,-14.625,0.202,0.062,0.064,ASC,False,
E24,2026-08-24,18:08,5.0,-14.515,-14.625,-14.375,0.485,0.057,0.059,ASC,False,
E24,2026-08-24,18:13,10.0,-14.253,-14.375,-14.125,0.747,0.052,0.054,ASC,False,
E24,2026-08-24,18:18,15.0,-14.0,-14.125,-13.875,1.0,0.051,0.051,ASC,True,A_solo_tiempo|B_tiempo_tendencia|C_bandas_15_10_5|C_bandas_15_8_0|D_dinamica_k3_T15|D_dinamica_k3_T15_sinRec
E24,2026-08-24,18:23,20.0,-14.021,-14.438,-13.812,0.979,-0.004,0.023,EST,False,D_dinamica_k2_T20
E25,2026-08-24,19:38,0.0,-14.716,-14.875,-14.562,0.284,0.059,0.061,ASC,False,
E25,2026-08-24,19:43,5.0,-14.443,-14.562,-14.312,0.557,0.055,0.057,ASC,False,
E25,2026-08-24,19:48,10.0,-14.195,-14.312,-14.062,0.805,0.05,0.052,ASC,False,
E25,2026-08-24,19:53,15.0,-13.959,-14.062,-13.875,1.041,0.047,0.048,EST,True,A_solo_tiempo|D_dinamica_k3_T15|D_dinamica_k3_T15_sinRec
E25,2026-08-24,19:58,20.0,-14.002,-14.5,-13.75,0.998,-0.009,0.019,EST,False,D_dinamica_k2_T20
E26,2026-08-25,01:18,0.0,-14.959,-15.062,-14.875,0.041,0.033,0.034,ASC,True,
E27,2026-08-25,02:53,0.0,-14.966,-15.062,-14.875,0.034,0.033,0.034,ASC,False,
E27,2026-08-25,02:58,5.0,-14.805,-14.875,-14.75,0.195,0.032,0.032,EST,True,
E27,2026-08-25,03:03,10.0,-14.909,-15.375,-14.688,0.091,-0.021,0.006,EST,False,
E28,2026-08-25,04:33,0.0,-14.936,-15.0,-14.875,0.064,0.034,0.035,ASC,False,
E28,2026-08-25,04:38,5.0,-14.785,-14.875,-14.688,0.215,0.03,0.032,EST,False,
E28,2026-08-25,04:43,10.0,-14.64,-14.688,-14.562,0.36,0.029,0.03,EST,False,
E28,2026-08-25,04:48,15.0,-14.569,-14.812,-14.5,0.431,0.014,0.022,EST,True,A_solo_tiempo|D_dinamica_k3_T15|D_dinamica_k3_T15_sinRec
E29,2026-08-25,06:18,0.0,-14.948,-15.0,-14.875,0.052,0.034,0.034,ASC,False,
E29,2026-08-25,06:23,5.0,-14.8,-14.875,-14.75,0.2,0.03,0.032,EST,False,
E29,2026-08-25,06:28,10.0,-14.655,-14.75,-14.562,0.345,0.029,0.029,EST,False,
E29,2026-08-25,06:33,15.0,-14.515,-14.562,-14.438,0.485,0.028,0.029,EST,False,A_solo_tiempo|D_dinamica_k3_T15|D_dinamica_k3_T15_sinRec
E29,2026-08-25,06:38,20.0,-14.397,-14.438,-14.312,0.603,0.024,0.026,EST,True,D_dinamica_k2_T20
E29,2026-08-25,06:43,25.0,-14.936,-15.562,-14.438,0.064,-0.108,-0.042,EST,False,
E30,2026-08-25,08:08,0.0,-14.9,-15.0,-14.812,0.1,0.031,0.032,ASC,False,
E30,2026-08-25,08:13,5.0,-14.755,-14.812,-14.688,0.245,0.029,0.03,EST,False,
E30,2026-08-25,08:18,10.0,-14.619,-14.688,-14.562,0.381,0.027,0.028,EST,False,
E30,2026-08-25,08:23,15.0,-14.486,-14.562,-14.438,0.514,0.026,0.027,EST,False,A_solo_tiempo|D_dinamica_k3_T15|D_dinamica_k3_T15_sinRec
E30,2026-08-25,08:28,20.0,-14.363,-14.438,-14.312,0.637,0.025,0.026,EST,False,D_dinamica_k2_T20
E30,2026-08-25,08:33,25.0,-14.242,-14.312,-14.188,0.758,0.024,0.024,EST,False,
E30,2026-08-25,08:38,30.0,-14.125,-14.188,-14.062,0.875,0.023,0.024,EST,False,B_tiempo_tendencia|C_bandas_15_10_5|C_bandas_15_8_0
E30,2026-08-25,08:43,35.0,-14.228,-14.562,-14.062,0.772,-0.021,0.001,EST,False,
E30,2026-08-25,08:48,40.0,-14.607,-14.625,-14.562,0.393,-0.076,-0.048,EST,False,
E30,2026-08-25,08:53,45.0,-14.556,-14.625,-14.5,0.444,0.01,-0.033,EST,False,
E30,2026-08-25,08:58,50.0,-14.356,-14.5,-14.188,0.644,0.04,0.025,EST,False,
E30,2026-08-25,09:03,55.0,-13.979,-14.188,-13.75,1.021,0.075,0.058,ASC,False,
E30,2026-08-25,09:08,60.0,-13.373,-13.75,-12.938,1.627,0.121,0.098,ASC,False,
E30,2026-08-25,09:13,65.0,-12.244,-12.938,-11.438,2.756,0.226,0.174,ASC,False,
E30,2026-08-25,09:18,70.0,-10.484,-11.438,-9.5,4.516,0.352,0.289,ASC,False,
E30,2026-08-25,09:23,75.0,-8.571,-9.5,-7.75,6.429,0.383,0.367,ASC,False,
E30,2026-08-25,09:28,80.0,-6.529,-7.75,-5.688,8.471,0.408,0.396,ASC,True,
E30,2026-08-25,09:33,85.0,-6.841,-7.438,-6.562,8.159,-0.062,0.173,ASC,False,
E30,2026-08-25,09:38,90.0,-8.641,-9.875,-7.5,6.359,-0.36,-0.211,DESC,False,
E30,2026-08-25,09:43,95.0,-11.172,-12.375,-9.938,3.828,-0.506,-0.433,DESC,False,
E30,2026-08-25,09:48,100.0,-13.532,-14.625,-12.375,1.468,-0.472,-0.489,DESC,False,
E31,2026-08-25,10:13,0.0,-14.915,-15.188,-14.688,0.085,0.099,0.106,ASC,False,
E31,2026-08-25,10:18,5.0,-14.487,-14.688,-14.312,0.513,0.085,0.092,ASC,False,
E31,2026-08-25,10:23,10.0,-14.128,-14.312,-13.938,0.872,0.072,0.079,ASC,False,
E31,2026-08-25,10:28,15.0,-13.818,-13.938,-13.688,1.182,0.062,0.067,ASC,False,A_solo_tiempo|B_tiempo_tendencia|C_bandas_15_10_5|C_bandas_15_8_0|D_dinamica_k3_T15|D_dinamica_k3_T15_sinRec
E31,2026-08-25,10:33,20.0,-13.555,-13.688,-13.438,1.445,0.052,0.057,ASC,False,D_dinamica_k2_T20
E31,2026-08-25,10:38,25.0,-13.332,-13.438,-13.25,1.668,0.045,0.049,EST,False,
E31,2026-08-25,10:43,30.0,-13.136,-13.25,-13.062,1.864,0.039,0.042,EST,False,
E31,2026-08-25,10:48,35.0,-12.952,-13.062,-12.875,2.048,0.037,0.038,EST,False,
E31,2026-08-25,10:53,40.0,-12.786,-12.875,-12.688,2.214,0.033,0.035,EST,False,
E31,2026-08-25,10:58,45.0,-12.63,-12.688,-12.562,2.37,0.031,0.032,EST,False,
E31,2026-08-25,11:03,50.0,-12.488,-12.562,-12.438,2.512,0.029,0.03,EST,False,
E31,2026-08-25,11:08,55.0,-12.355,-12.438,-12.312,2.645,0.026,0.028,EST,False,
E31,2026-08-25,11:13,60.0,-12.101,-12.75,-11.5,2.899,0.051,0.039,EST,True,
E31,2026-08-25,11:18,65.0,-14.023,-15.188,-12.812,0.977,-0.384,-0.167,DESC,False,
E32,2026-08-25,12:18,0.0,-14.708,-14.875,-14.562,0.292,0.061,0.064,ASC,False,
E32,2026-08-25,12:23,5.0,-14.415,-14.562,-14.25,0.585,0.059,0.06,ASC,False,
E32,2026-08-25,12:28,10.0,-14.152,-14.312,-14.0,0.848,0.053,0.056,ASC,False,
E32,2026-08-25,12:33,15.0,-13.914,-14.062,-13.812,1.086,0.048,0.05,ASC,False,A_solo_tiempo|B_tiempo_tendencia|C_bandas_15_10_5|C_bandas_15_8_0|D_dinamica_k3_T15|D_dinamica_k3_T15_sinRec
E32,2026-08-25,12:38,20.0,-13.782,-14.0,-13.688,1.218,0.026,0.037,EST,True,D_dinamica_k2_T20
E32,2026-08-25,12:43,25.0,-14.87,-15.812,-14.062,0.13,-0.218,-0.096,DESC,False,
E33,2026-08-25,13:53,0.0,-14.826,-15.0,-14.75,0.174,0.038,0.048,ASC,True,
E34,2026-08-25,20:53,0.0,-14.828,-15.062,-14.625,0.172,0.179,0.164,ASC,True,
E35,2026-08-26,10:23,0.0,-14.547,-14.812,-14.25,0.453,0.091,0.075,ASC,False,
E35,2026-08-26,10:28,5.0,-13.887,-14.25,-13.438,1.113,0.132,0.112,ASC,False,
E35,2026-08-26,10:33,10.0,-12.776,-13.438,-12.0,2.224,0.222,0.177,ASC,False,C_bandas_15_10_5|C_bandas_15_8_0|D_dinamica_k3_T15|D_dinamica_k3_T15_sinRec
E35,2026-08-26,10:38,15.0,-10.9,-12.0,-9.688,4.1,0.375,0.299,ASC,False,A_solo_tiempo|B_tiempo_tendencia|D_dinamica_k2_T20
E35,2026-08-26,10:43,20.0,-8.398,-9.625,-7.25,6.602,0.5,0.438,ASC,False,
E35,2026-08-26,10:48,25.0,-6.855,-7.25,-6.562,8.145,0.309,0.404,ASC,True,
E35,2026-08-26,10:53,30.0,-7.381,-8.312,-6.875,7.619,-0.105,0.102,ASC,False,
E35,2026-08-26,10:58,35.0,-9.798,-11.375,-8.375,5.202,-0.483,-0.294,DESC,False,
E35,2026-08-26,11:03,40.0,-13.039,-14.5,-11.438,1.961,-0.648,-0.566,DESC,False,
E36,2026-08-26,12:13,0.0,-14.834,-14.938,-14.688,0.166,0.05,0.053,ASC,False,
E36,2026-08-26,12:18,5.0,-14.606,-14.688,-14.5,0.394,0.046,0.048,EST,False,
E36,2026-08-26,12:23,10.0,-14.4,-14.5,-14.312,0.6,0.041,0.043,EST,False,
E36,2026-08-26,12:28,15.0,-14.234,-14.375,-14.188,0.766,0.033,0.037,EST,True,A_solo_tiempo|D_dinamica_k3_T15|D_dinamica_k3_T15_sinRec
E37,2026-08-26,13:33,0.0,-13.717,-16.25,-11.562,1.283,0.534,0.3,ASC,False,
E37,2026-08-26,13:38,5.0,-12.377,-12.438,-12.312,2.623,0.268,0.401,ASC,True,
E37,2026-08-26,13:43,10.0,-12.489,-12.562,-12.438,2.511,-0.022,0.123,ASC,False,C_bandas_15_10_5|C_bandas_15_8_0|D_dinamica_k3_T15|D_dinamica_k3_T15_sinRec
E37,2026-08-26,13:48,15.0,-13.26,-14.75,-12.5,1.74,-0.154,-0.088,DESC,False,A_solo_tiempo
E38,2026-08-26,20:38,0.0,-14.79,-14.938,-14.688,0.21,0.051,0.052,ASC,False,
E38,2026-08-26,20:43,5.0,-14.544,-14.688,-14.438,0.456,0.049,0.05,ASC,False,
E38,2026-08-26,20:48,10.0,-11.055,-14.438,-8.562,3.945,0.698,0.373,ASC,False,C_bandas_15_10_5|C_bandas_15_8_0|D_dinamica_k3_T15|D_dinamica_k3_T15_sinRec
E38,2026-08-26,20:53,15.0,-10.218,-10.688,-9.688,4.782,0.168,0.433,ASC,True,A_solo_tiempo|B_tiempo_tendencia|D_dinamica_k2_T20
E38,2026-08-26,20:58,20.0,-10.959,-11.188,-10.688,4.041,-0.148,0.01,EST,False,
E38,2026-08-26,21:03,25.0,-11.309,-11.375,-11.188,3.691,-0.07,-0.109,DESC,False,
E38,2026-08-26,21:08,30.0,-12.829,-14.375,-11.438,2.171,-0.304,-0.187,DESC,False,
E39,2026-08-27,01:28,0.0,-14.994,-15.062,-14.875,0.006,0.042,0.041,ASC,False,
E39,2026-08-27,01:33,5.0,-14.801,-14.875,-14.688,0.199,0.039,0.04,EST,False,
E39,2026-08-27,01:38,10.0,-14.607,-14.688,-14.5,0.393,0.039,0.039,EST,False,
E39,2026-08-27,01:43,15.0,-14.42,-14.5,-14.312,0.58,0.038,0.038,EST,True,A_solo_tiempo|D_dinamica_k3_T15|D_dinamica_k3_T15_sinRec
E39,2026-08-27,01:48,20.0,-14.923,-15.812,-14.312,0.077,-0.101,-0.032,EST,False,D_dinamica_k2_T20
E40,2026-08-27,03:13,0.0,-14.908,-15.0,-14.812,0.092,0.047,0.048,ASC,False,
E40,2026-08-27,03:18,5.0,-14.689,-14.812,-14.562,0.311,0.044,0.045,EST,True,
E41,2026-08-27,04:53,0.0,-14.785,-14.875,-14.688,0.215,0.046,0.047,ASC,True,
E42,2026-08-27,19:58,0.0,-14.315,-14.812,-13.812,0.685,0.147,0.114,ASC,False,
E42,2026-08-27,20:03,5.0,-13.398,-13.812,-12.938,1.602,0.183,0.165,ASC,False,
E42,2026-08-27,20:08,10.0,-12.211,-12.875,-11.375,2.789,0.237,0.21,ASC,False,C_bandas_15_10_5|C_bandas_15_8_0|D_dinamica_k3_T15|D_dinamica_k3_T15_sinRec
E42,2026-08-27,20:13,15.0,-10.165,-11.375,-8.812,4.835,0.409,0.323,ASC,False,A_solo_tiempo|B_tiempo_tendencia|D_dinamica_k2_T20
E42,2026-08-27,20:18,20.0,-7.236,-8.75,-5.75,7.764,0.586,0.498,ASC,False,
E42,2026-08-27,20:23,25.0,-4.698,-5.75,-4.062,10.302,0.508,0.547,ASC,True,
E42,2026-08-27,20:28,30.0,-5.175,-5.812,-4.562,9.825,-0.095,0.206,ASC,False,
E42,2026-08-27,20:33,35.0,-7.59,-9.438,-5.875,7.41,-0.483,-0.289,DESC,False,
E42,2026-08-27,20:38,40.0,-11.297,-13.0,-9.5,3.703,-0.741,-0.612,DESC,False,
E42,2026-08-27,20:43,45.0,-14.511,-15.812,-13.062,0.489,-0.643,-0.692,DESC,False,
E43,2026-08-28,22:33,0.0,-14.648,-15.375,-13.812,0.352,0.262,0.223,ASC,False,
E43,2026-08-28,22:38,5.0,-12.76,-13.75,-11.688,2.24,0.377,0.32,ASC,False,
E43,2026-08-28,22:43,10.0,-10.602,-11.688,-9.625,4.398,0.432,0.405,ASC,False,C_bandas_15_10_5|C_bandas_15_8_0|D_dinamica_k3_T15|D_dinamica_k3_T15_sinRec
E43,2026-08-28,22:48,15.0,-8.793,-9.625,-7.812,6.207,0.362,0.397,ASC,False,A_solo_tiempo|B_tiempo_tendencia|D_dinamica_k2_T20
E43,2026-08-28,22:53,20.0,-8.097,-9.062,-7.688,6.903,0.139,0.251,ASC,True,
E43,2026-08-28,22:58,25.0,-10.673,-12.312,-9.125,4.327,-0.515,-0.188,DESC,False,
E43,2026-08-28,23:03,30.0,-13.838,-15.125,-12.375,1.162,-0.633,-0.574,DESC,False,
